,title,score,id,url,comms_num,created,body,timestamp
0,Upvote to ban all of Canada from the internet,37566,5rb9c7,https://www.reddit.com/r/wallstreetbets/comments/5rb9c7/upvote_to_ban_all_of_canada_from_the_internet/,1201,1485928170.0,"Pls

http://www.marketwatch.com/story/this-trader-bets-it-all-on-apple-getting-crushed-after-earnings-2017-01-30

http://i.imgur.com/9hWYLOv.jpg

https://gfycat.com/SizzlingLivelyHarborporpoise

When Canadian autism hits critical mass.
https://youtu.be/OgZUvESyxbU?t=39s


TLDR:  #CanaBan2017",2017-02-01 00:49:30
1,Made fake tinder of 22 yr old hot girl to solicit financial advice from old men looking for sugar babies,35359,8rdnnk,https://i.redd.it/rboh9joiu7411.png,877,1529119680.0,,2018-06-15 23:28:00
2,Elon just committed the perfect crime,33931,7w57mr,https://i.redd.it/63emmfio30f01.jpg,667,1518129633.0,,2018-02-08 17:40:33
3,First image of Martin Shkreli after prison release in 2025,30658,84gl5n,https://i.redd.it/ba1kc9u3fsl01.png,452,1521087599.0,,2018-03-15 00:19:59
4,"A man gave each of his 3 girlfriends $5,000 as a test",29454,8csfvl,https://i.redd.it/vojkkxta5ds01.jpg,440,1523953615.0,,2018-04-17 04:26:55
5,Investment advice from WSB,27094,8o4pb1,https://i.redd.it/onn47j1afo111.jpg,255,1528012759.0,,2018-06-03 03:59:19
6,"If this post gets over 3000 (3k) upvotes, we will bring back the rainbow dicks",26107,5e0ybw,https://www.reddit.com/r/wallstreetbets/comments/5e0ybw/if_this_post_gets_over_3000_3k_upvotes_we_will/,501,1479714466.0,"You put it on the front page and everybody will get rainbow dicks. 

For those of you that don't know, rainbow dicks summon the gains, just in time for Christmas. Imagine rolling into Zaxby's with tens of dollars because you voted for this post and unleashed the only edge this sub has. The rainbow dicks were what put us on the map with Fortune, WSJ, and all the big investment banks. Do what's right.

Edit: You beautiful bastards. We conquered Reddit on a Sunday night. All we wanted to do was get the rainbow dicks back, but instead we made Reddit great again. 

> Hey /u/ITradeBaconFutures ,
> This is now the top post on reddit. It will be recorded at /r/topofreddit with all the other top posts.",2016-11-21 02:47:46
7,I see dead tendies,24570,8ga1zi,https://gfycat.com/CoordinatedOrdinaryBronco,703,1525223148.0,,2018-05-01 21:05:48
8,There cant be a trade deficit if there is no trade.,23527,89ov7h,https://i.redd.it/sag7tc5duvp01.jpg,1517,1522872454.0,,2018-04-04 16:07:34
9,Who Wants to be Broke?,23129,8r1eub,https://i.imgur.com/rJYcEo0.gifv,806,1529007786.0,,2018-06-14 16:23:06
10,"Never change, guys.",22164,6n1wa6,https://i.redd.it/u5llzoxkcd9z.png,580,1499984420.0,,2017-07-13 18:20:20
11,So I finally made it up to 1 million. It honestly took exactly 14 months. I suggest everyone start with 1.2 million,21475,75x6ye,https://www.reddit.com/r/wallstreetbets/comments/75x6ye/so_i_finally_made_it_up_to_1_million_it_honestly/,357,1507845896.0,,2017-10-12 18:04:56
12,never change,19548,6ps0u4,https://i.redd.it/oxo3vtzau0cz.jpg,191,1501140513.0,,2017-07-27 03:28:33
13,Logan Paul finds another corpse,19478,7o3m19,https://i.redd.it/m2ubnewoi2801.png,413,1515107980.0,,2018-01-04 18:19:40
14,How do I go long on Chuck E. Cheese,17757,7klcar,https://i.imgur.com/xvBWRhF.jpg,248,1513634139.0,,2017-12-18 16:55:39
15,I bought KimJong-un.com and redirected it to WSB so that we will all become rich,16507,8plaag,https://www.reddit.com/r/wallstreetbets/comments/8plaag/i_bought_kimjonguncom_and_redirected_it_to_wsb_so/,345,1528503878.0,"Singapore Summit here we come. Free tendies for all!

http://kimjong-un.com",2018-06-08 20:24:38
16,Its been real,16396,808lnt,https://i.redd.it/9xkd4tha5gi01.jpg,171,1519631434.0,,2018-02-26 02:50:34
17,Unbridled Autism,15284,85nw67,https://i.redd.it/g1sntdkcvsm01.jpg,300,1521528910.0,,2018-03-20 02:55:10
18,AMZN absolutely savage with targeted ads today,14756,6gaqr2,https://i.redd.it/pcbbaqanao2z.jpg,161,1497066099.0,,2017-06-09 23:41:39
19,50/50 chance ladies.,14593,8ku0p0,https://imgur.com/IWftssj,230,1526865648.0,,2018-05-20 21:20:48
20,Be careful before you stereotype,14330,8lxk3o,https://i.redd.it/811jrw1abwz01.png,618,1527236579.0,,2018-05-25 04:22:59
21,Dramatized reenactment of my first options trade,14315,6pdn8d,http://i.imgur.com/YaqGAci.gif,198,1500982738.0,,2017-07-25 07:38:58
22,Martin Shkreli found guilty on 3 of 8 charges.,14143,6rmjzb,https://www.cnbc.com/2017/08/04/pharma-bro-martin-shkreli-convicted-in-federal-fraud-case.html,1298,1501901020.0,,2017-08-04 22:43:40
23,"Now that Uber doesn't have a CEO, COO, CFO or CTO, they may finally qualify as a self-driving car company",13865,6hmcdj,https://www.reddit.com/r/wallstreetbets/comments/6hmcdj/now_that_uber_doesnt_have_a_ceo_coo_cfo_or_cto/,244,1497646555.0,Uber-astonishing turn of events.,2017-06-16 16:55:55
24,Step 4) Buy stock Step 5) What is the stock market?,13746,8s08ap,https://i.redd.it/fts2wer4zr411.png,262,1529363297.0,,2018-06-18 19:08:17
25,x-post from r/dankmemes,12923,85ahki,https://i.redd.it/yo0leqqh1im01.jpg,117,1521397758.0,,2018-03-18 14:29:18
26,"In celebration of the sub hitting 100k subscribers, if this post gets over 10,000 upvotes, we will have a special Celebrity Day with a featured appearance from the Canadian hisself.",12925,5q7q3h,https://www.reddit.com/r/wallstreetbets/comments/5q7q3h/in_celebration_of_the_sub_hitting_100k/,249,1485426624.0,"You asked for the Rainbow Dicks back - we listened. 
You wanted FSComeau back - we delivered.

And now to celebrate /r/wallstreetbets hitting a milestone, we will host a celebrity event with FSComeau as long as this shit hits 10k upvotes. We are sorting out the details, but this shit will be the greatest thing to ever happen to WSB. An appearance by The Reverend Dr. Martin Shkreli may also be in the works. The guys from Tasty Trade are in talks with us as well. 

Better than WSJ. 

Bigger than Fortune. 

Cooler than /u/worldchaos, Oil Dick Gabe, or anybody that thinks chart analysis is like pong. 

FS wanted me to pass along these words to help inspire you: 

The forgotten men and women of our sub will be forgotten no longer. Everyone is listening to you now. WSB will start winning again, winning like never before. We will follow two simple rules: Buy high and sell low. We do not seek to impose our way of life on anyone, but rather to let our faggotry shine as an example for everyone to follow.

Your voice, your hopes, and your dreams will define our WSB destiny. And your yolos and goodness and gay love will forever guide us along the way.
Together, We will make WSB strong again.
We will make WSB wealthy again.
We will make WSB proud again.

And yes, together, we will make WSB great again. Thank you. God bless you. And God bless WSB.

Let's make this shit great again and celebrate being the top trading site on the whole fucking internet! God I'm jacked to the tits!",2017-01-26 05:30:24
27,One of you guys got caught insider trading?,12669,80xy90,https://i.redd.it/vsvvtm54rzi01.png,573,1519868799.0,,2018-02-28 20:46:39
28,When QQQ dips 1%.,12497,7uu2lk,https://i.imgur.com/d4pu06W.gifv,305,1517630601.0,,2018-02-02 23:03:21
29,400% return in 2 minutes. Should I release an investing podcast?,12243,70u9j2,https://imgur.com/x3wCo0u,202,1505761437.0,,2017-09-18 15:03:57
30,Shkreli Sentenced to 7 years in Federal Prison,12080,83955a,https://www.cnbc.com/2018/03/09/pharma-bro-martin-shkreli-sentenced-to-7-years-in-prison.html,1842,1520650650.0,,2018-03-09 21:57:30
31,Phew...,11781,88rbdv,https://i.redd.it/5ybs1mi59bp01.png,204,1522623206.0,,2018-04-01 18:53:26
32,"500 upvotes and I‚Äôll hold $250,000 in $MU into earnings",11525,7kqdfe,https://imgur.com/a/POriY,496,1513680882.0,,2017-12-19 05:54:42
33,The intelligent investor,11457,7obegv,https://i.redd.it/qj1n03nna9801.png,205,1515190016.0,,2018-01-05 17:06:56
34,Inappropriate joking about suicide,11415,7vg94u,https://www.reddit.com/r/wallstreetbets/comments/7vg94u/inappropriate_joking_about_suicide/,378,1517879859.0,"I noticed some joking around about suicide on WSB, posting links and such, just wanted to say it isn't a joking matter. If you truly lack the courage to end it all, please reach out to [http://www.assistedsuicide.org/] (http://www.assistedsuicide.org/). Self loathing, substance abuse & risk taking are all classic signs of procrastination, please don't be ashamed to seek professional help.",2018-02-05 20:17:39
35,"This is my Martin Shrekli. He made me $50,000 in 1 year on various phrama picks. He shitposted himself all the way to jail.",11214,7gvhfm,https://imgur.com/ybGQecj,490,1512169144.0,,2017-12-01 17:59:04
36,"I present to you, investing.com",10592,79h5uq,https://i.redd.it/8bbb2jb1isuz.png,129,1509320657.0,,2017-10-29 19:44:17
37,Trump calls for press conference after the Stock Market Futures plunge.,9982,8a5hu2,https://v.redd.it/q9v5qh6jx6q01,683,1523006760.0,,2018-04-06 05:26:00
38,How to gain access to /r/wallstreetbets.,9721,703sn2,https://i.imgur.com/usfm9aw.gifv,210,1505439207.0,,2017-09-14 21:33:27
39,**RARE** Actual Footage of Tariff Meeting,9670,89zmze,https://i.redd.it/7vka6slec3q01.gif,366,1522963312.0,,2018-04-05 17:21:52
40,Steve is disappointed in us.,9676,8uiq3u,https://i.imgur.com/AkNdvNJ.gifv,292,1530216263.0,,2018-06-28 16:04:23
41,Sue Bae getting risky before earnings,9645,685xdw,https://i.redd.it/4e0v5smbfduy.jpg,152,1493447598.0,,2017-04-29 02:33:18
42,This sub when the market goes 0.2% red.,9570,7svq3k,https://i.redd.it/cgw5v6czh7c01.gif,236,1516911828.0,,2018-01-25 15:23:48
43,Daimler makes a tiny bet against Elon,9448,727kcn,https://i.redd.it/da4m9c875wnz.jpg,718,1506313838.0,,2017-09-25 00:30:38
44,We're in good hands guys.,9363,5ls3kb,http://imgur.com/RQEyqKk.png,87,1483481433.0,,2017-01-03 17:10:33
45,Shkreli still shitposting behind barz,9289,8ewueh,https://i.imgur.com/3b8r5pV.png,346,1524717179.0,,2018-04-26 00:32:59
46,wallstreetbets_irl,9091,5gv5p1,http://imgur.com/a/i4ajl,187,1481084088.0,,2016-12-06 23:14:48
47,"As 2017 draws to a close, it's time to evaluate how we did.",8811,7j3loh,https://i.imgur.com/27Vhagz.gifv,198,1513041434.0,,2017-12-11 20:17:14
48,My last hope for tomorrow,8682,6ww517,https://i.redd.it/jcr9s696bsiz.jpg,50,1504088160.0,,2017-08-30 06:16:00
49,When other finance subs discuss r/WSB,8657,8tpmlc,https://i.redd.it/rmlkriagq4611.jpg,164,1529953646.0,,2018-06-25 15:07:26
50,/u/haupt91 explaining to his wife why they're poor,8623,8o97fm,https://i.imgur.com/b4sF0Fp.gifv,148,1528068398.0,,2018-06-03 19:26:38
51,"Naked women can get 1000s of upvotes, how many for our girl Lisa Su? üò©",8612,5vd3sh,http://i.imgur.com/eLL6hOT.jpg,211,1487729929.0,,2017-02-21 21:18:49
52,Have you heard of Shaquille's new fund? His thesis inside. Get on this hot new fund.,8240,8i09tj,https://i.imgur.com/to2Yf2i.gifv,299,1525842066.0,,2018-05-09 01:01:06
53,Do you smoke?,8221,8taytg,https://i.redd.it/qk9ffzt6zr511.png,43,1529799179.0,,2018-06-23 20:12:59
54,"Repost, but whatever.",8153,8tjwuh,https://i.redd.it/xognymztvz511.jpg,299,1529894907.0,,2018-06-24 22:48:27
55,The WSB Center for Children Who Can't Trade Good,8049,8t0rxb,https://i.imgur.com/sJeteRP.gifv,225,1529697641.0,,2018-06-22 16:00:41
56,Even in incognito mode I can't escape these targeted ads,7968,6s6i2l,http://imgur.com/HvyVSiI,147,1502150688.0,,2017-08-07 20:04:48
57,50 with some investment and life advice for all of us,7850,672gl4,http://i.imgur.com/6cALfpn.png,275,1492986140.0,,2017-04-23 18:22:20
58,After I sold a stock,7617,7bjtpj,https://gfycat.com/AbandonedAliveAsianlion,73,1510154905.0,,2017-11-08 10:28:25
59,Managing risk in January vs. February,7511,81jlqf,https://i.redd.it/4q1uoe16mfj01.jpg,64,1520060845.0,,2018-03-03 02:07:25
60,The Gang finds a buyer.,7435,7co9tj,https://i.imgur.com/ultJ4XG.gifv,98,1510619672.0,,2017-11-13 19:34:32
61,Lord of the autists on live TV with a Pepe pin,7162,5jx0tl,https://imgur.com/dMaTrkS,361,1482527482.0,,2016-12-23 16:11:22
62,Me watching my portfolio this morning after all of the hype about the tax bill.,7092,7hhq8t,https://i.redd.it/cci0khlx3x101.jpg,415,1512427455.0,,2017-12-04 17:44:15
63,Shkreli Ordered to Jail,6990,6zxvni,http://www.reuters.com/article/us-usa-crime-shkreli/shkreli-ordered-jailed-for-online-bounty-on-hillary-clintons-hair-idUSKCN1BO2T8,874,1505368458.0,,2017-09-14 01:54:18
64,MFW,6637,76zkca,https://i.redd.it/f2r5nj5ozesz.jpg,100,1508285385.0,,2017-10-17 20:09:45
65,same post different day,6377,7pfuw0,https://i.redd.it/9captnqt19901.png,155,1515622899.0,,2018-01-10 17:21:39
66,Nintendo has been working on a very solid sales plan.,6356,7x96eh,https://i.redd.it/oc45nhf69zf01.png,257,1518555300.0,,2018-02-13 15:55:00
67,SNAP losses explained,6257,6mh3kv,http://i.imgur.com/JSlllF3.gifv,197,1499746518.0,,2017-07-11 00:15:18
68,The Big Long - Made $2.5 million in January off $100k options investment,6155,80e7x2,https://www.reddit.com/r/wallstreetbets/comments/80e7x2/the_big_long_made_25_million_in_january_off_100k/,355,1519691081.0,"TLDR: [Author](https://www.goodreads.com/author/show/17286980.Steve_Oliverez)/Investor, bought ~$100,000 of SPX calls late November through December betting the whole market would go up fast in Q1. It did, and I was able to sell a bunch before February came and wiped out the value of the remaining options (*As I've said before, options trading is extremely risky and buying out-of-the-money options even more so). [Total profit, ~$2,500,000](https://ibb.co/gk0bax).

Many of you know I was posting about $100k in SPX calls back in December and then January when the value started taking off. Figured I owed you an update.

Why I bought a crazy amount of SPX calls:
Congress passed a bill slashing corporate tax rates in December. The last time corporate taxes were reduced so much was back in 1986. So I looked at how the market reacted at the beginning of 1987 and saw a huge spike in the S&P 500 in the first quarter.

I wanted to bet the market would react in a similar fashion. I looked through various strike prices in Jan-Mar and modeled which ones would have the highest payouts if Jan 2018 was a repeat of Jan 1987. I also ran a few more conservative scenarios and bought options at those inflection points as well. Many of these options were so far out of the money at the time they were selling for under a dollar. With volatility so low a melt up wasn‚Äôt being priced in at all so I put in every dollar I was comfortable losing.

January turned out to be the best first month of the year for the market in more than two decades. The value of the options skyrocketed, some by as much as 5000%. 

I was excited and terrified for the same reasons I bought options and not futures or heavily margined shares in the first place. Going back to 1987, there was eventually a large crash (Black Monday) that wiped out most of the gains for that year. I also knew we were currently going through one of the largest stretches of market history without a substantial pullback. I was pretty sure the market was going to go up and fast, but it was like a game of hot potato to lock in gains before a major correction happened. 

With that in mind I actively sold off chunks of the investment as it went up in January. Since I didn‚Äôt know if or when a correction would happen, I wanted to make sure I locked in as much profit as possible.

I was still holding the bag on a bunch of these options when Feb came and wiped them out, taking a large amount of paper gains with them. Another green week and I definitely would have been into yacht-money territory with this trade.

Still, I‚Äôd managed to sell enough in January to lock in two and a half million dollars from a $100k investment.

Aside from NVDA leaps I picked up last year and stocks I plan on holding indefinitely, I'm currently mostly in cash waiting to figure out the next move.",2018-02-26 19:24:41
69,when you‚Äôre down over 20% on a stock and it finally has a +1% day,5977,7i6qqq,https://i.redd.it/wy9wgd2nei201.jpg,149,1512685219.0,,2017-12-07 17:20:19
70,/r/wsb,5957,8n5iax,https://i.redd.it/o9psh1dw0x011.jpg,41,1527681037.0,,2018-05-30 07:50:37
71,Took out a 22K personal loan to trade with and made 100% last month,5930,8nscpe,https://imgur.com/GD4Wlnq,722,1527892783.0,,2018-06-01 18:39:43
72,The Gang Writes a Research Report,5874,74gdyl,https://i.imgur.com/qCmadWD.gifv,136,1507243330.0,,2017-10-05 18:42:10
73,No gains. No tendies.,5795,8jbe2v,https://gfycat.com/WeightyDentalHalcyon,252,1526324842.0,,2018-05-14 15:07:22
74,My 2 months as a Robinhood fag,5670,8kf162,https://gfycat.com/PlayfulCraftyAngelwingmussel,190,1526694103.0,,2018-05-18 21:41:43
75,There go the tendies,5594,7r1k1m,https://i.redd.it/p9hoxoab8na01.jpg,419,1516230417.0,,2018-01-17 18:06:57
76,I love this sub sometimes.,5495,8kp2vz,https://i.redd.it/k3hmsu1wgwy01.jpg,190,1526802618.0,,2018-05-20 03:50:18
77,[Educational] Greeks 101,5320,880jhv,https://www.reddit.com/r/wallstreetbets/comments/880jhv/educational_greeks_101/,289,1522352093.0,"Alright, listen up faggots. It‚Äôs come to my attention recently that some of you don‚Äôt know jack shit about options. If I wasn‚Äôt already terminally autistic, some of the comments I‚Äôve read in the sub might have made me go full retard.

With that said, my friend Jack Daniels and I have taken it upon ourselves to get you motherfuckers #LEARNT on some god damn options. While I have little faith that most of you will truly understand the intimate innerworkings and dynamics of derivatives, I have no doubt that a large majority of you will take one or two small pieces of information away from this. The goal here is to get you to the point where you can start overestimating your abilities again, like a good boy should, instead of blind dick swinging, like most of you are currently doing.

*Disclaimer: I‚Äôm going to skip all the boring, possibly foundationally necessary academics behind where the Greeks come from (inb4 Greece), Black, Scholes, and Merton‚Äôs research, Ito‚Äôs Lemma, and all that jazz. If you want to look it up on your own time, read a fucking book. Hull‚Äôs book on derivatives is basically like the bible for this shit.*

*Credibility: I‚Äôm a financial analyst in the risk department of a large insurance company, and work with our hedging portfolio on a daily basis. I also have a Bloomberg terminal that I like to aggressively use so that everyone thinks I know what I‚Äôm doing.*


---


#Background
There are only 4 Greeks that you really need to know to trade equity options:

1.	Delta
2.	Gamma
3.	Theta
4.	Vega

If you have at least a modest understanding of these, you‚Äôll be on your way to sweet, sweet tendies in no time. Now onto the gREEEE^EEEEEE^EEks


---


##Delta

Delta is the grand-daddy of them all. The Hugh Heffner of the Greeks. Most of you probably are familiar with delta, because it‚Äôs the easiest one. Easier than your sister, which is really saying something.
**Delta represents the relative increase in the price of an option, given an increase in the price of the underlying.** When you buy or sell an option, the price change doesn‚Äôt exactly mirror the stock 1:1. Options expire at some point in the future. Stocks don‚Äôt expire.

The implication here is that an option is only valuable if you can exercise it for a profit. Logically, this means that deep ITM options will have a delta pretty close to +/-1 (depending on whether it‚Äôs a call or a put), while deep OTM options will have a delta pretty close to 0 (or 100/0, whatever convention you use, the only difference is where the decimal is). **Note:** Option deltas range from -1 to 1 (or -100 to 100 deltas). Calls have positive delta (0 to 1) while Puts have negative delta (-1 to 0).

If you‚Äôre seeing deltas on your trading platform that are not in this range, you‚Äôre probably seeing Dollar Delta, which is just:

Delta x Notional Shares (usually 100 per lot) x Price of Underlying

**Autist‚Äôs interpretation:** The easiest way to wrap your autistic brains around this is to think of delta as *roughly* the probability of the underlying stock price going beyond your strike at expiration. For example, an ATM call has around 50 deltas. That means you can intuitively view it as having a 50/50 chance of expiring in the money. An increase in the stock price would give you even greater chances, hence the delta of a slightly ITM call is a little over 50, and deep ITM calls are close to 100 deltas. An ATM Put has roughly -50 deltas. This doesn‚Äôt mean a -50% chance of expiring ITM you fucking idiot, it just means that your option value is negatively correlated to price increases.


---



##Gamma

Gamma is the least-hyped Greek out of all of them, but definitely one that could cause your portfolio to turn into a shitshow while you‚Äôre not paying attention. **Gamma represents the change in Delta, given a change in the underlying price.**

Gamma is the 2nd order mathematical derivative of price. It tells you how fast your delta will change when price moves happen. Just like speed and acceleration. The second one tells you the rate of change of the first. It can also be interpreted as a measure of convexity, telling you how flat or round something is. Like your flat-chested girlfriend has almost no titty gamma, while Kate Upton titties got gamma for days. Gamma is always positive, and is always largest ATM.

**Autist‚Äôs interpretation:** Think of gamma as the big swing when options go from being OTM to ITM or vice versa. So the next time you see that piece of shit stock hitting all time highs, think to yourself ‚ÄúHoly shit, this dumpster fire might actually moon, better YOLO on some calls real quick‚Äù, then it drops by $0.05 and your calls drop 50%, blame it on the gamma.


---



##Theta

Theta is the turtle of the greeks. Doesn‚Äôt move too fast, doesn‚Äôt do too much when you poke it with a stick, boring as fuck. But this is where the time value of options comes from, so it‚Äôs important that you know what it is. **Theta is the change in option price, given a 1 day change in time**.

Short option positions have positive theta. Long options positions have negative theta. This means that the marketable value of the  option decays each day it comes closer to the expiration date. Less time to expiry = less time to moon, which means people will pay less for it. This is essentially how options selling strategies make their profits. They bet that the price won‚Äôt move that much, and most of the time, they‚Äôre actually right, because dumb cucks like you are willing to pay those prices.

Like gamma, theta is also the largest when an option is ATM. As time passes, theta becomes larger and larger. The implication here being that the last week of an option‚Äôs life, theta will be exponentially larger.

**Autist‚Äôs interpretation:** Think of theta as the shot clock. It keeps ticking away, no matter if the game is exciting or boring. If it‚Äôs a really close game (i.e. the option is ATM), then the shot clock is pretty much the make or break thing for you. If the game is a blowout (option is OTM) then it doesn‚Äôt really matter that much. When it comes down to the final minute, and it‚Äôs make-it-or-break-it for your shitty, shitty, poorly thought out March Madness bracket selections, you‚Äôre literally ripping your hair out because you‚Äôre on the emotions express, screaming ‚ÄúWHAT THE FUCK WAS THAT, REF? ARE YOU FUCKING BLIND?‚Äù and then cry and piss yourself in the corner. That‚Äôs the only time theta really matters.


---


##Vega

Possibly one of the most misunderstood Greeks, and 105% of the reason behind why RH faggots try to get their trades reversed. **Vega is the change in price of an option for a 1pt increase in the implied volatility of the underlying**.

Now, some of you faggots may know what implied volatility (IV) is, others think you do. No one actually does, because it‚Äôs a fucking made up concept in order to get the math to work. The short bus explanation is that implied volatility tells you how much people buying and selling options think that the underlying price has the potential to move in either direction before expiration.

I‚Äôm not going to go into how it‚Äôs backed out of the Black-Scholes pricing model, or how implied volatility actually represents an estimated annualized 1 standard deviation (68.27%) interval assuming a gaussian distribution of continuous time price movements (specifically addressed to all of you elitist NERDS out there, cash me in the comments, howbow dah?).

Implied volatility is the only unobservable and incalculable input to an option‚Äôs price. It‚Äôs literally made up. Historically, it hangs out somewhere between 5-10% above historical realized volatility, but when or why it jumps or drops is purely based on the dumb cucks who are trading the options.

The important distinction here is that **Implied Volatility tells you whether an option is relatively expensive or relatively cheap. Vega does not.** Vega just tells you how sensitive an option‚Äôs price is to changes in the will of the people.

Both calls and puts have positive vega. Intuitively, this means that when people think the market will move sharply in either direction, options increase in value, because people want protection (or phat gainz).

**Autist‚Äôs interpretation:** Vega tells you how much you‚Äôre fucked when people lose interest in a hot meme stock after it doesn‚Äôt moon, or when people unwad their fucking panties after some good ‚Äòol Thursday action.

---


#In Conclusion

Hopefully you retards made it this far without wandering off to try and hump a doorknob. If so, congratulations, I hereby award you 10 good boy points. If there‚Äôs enough interest, and I can find more whiskey, I might do a part 2 on basic options strategies and how to completely misapply them.

ùí©ùëúùìå ùëîùëú ùëîùëíùìâ ùìâùíΩùëúùìàùëí ùìâùëíùìÉùíπùíæùëíùìà, ùìéùëúùìä ùëîùìáùëíùëíùíπùìé ùìÅùíæùìâùìâùìÅùëí ùëîùí∂ùìé ùí∑ùëúùìéùìà.


**Edit:** Thanks for gold, assholes. Feels like being captain of the short bus for a day.",2018-03-29 15:34:53
78,On red days like today you just have to remind yourself,5316,78q9bx,https://i.imgur.com/yLZuEMC.gifv,129,1508989997.0,,2017-10-25 23:53:17
79,I'm here for you. All of you.,5229,88a8gc,https://i.imgur.com/QcREwcp.png,129,1522444444.0,,2018-03-30 17:14:04
80,[Meta] I am a bot and I need karma,5146,5v87ae,https://www.reddit.com/r/wallstreetbets/comments/5v87ae/meta_i_am_a_bot_and_i_need_karma/,494,1487664090.0,"Hello,


I can be summoned as:

`$stock <stock symbol>`



For example:

`$stock GM`


# About me

- I can only handle one ticker at a time.
- I calculate WSB's sentiment as follows: 

 - Find all the threads containing the ticker in the last week (will probably change this to 24 hours) and get all the comments.
 - Search for predefined words (e.g. for bullish, search for words such as buy, moon, yacht, call, hold etc)
 - Rank them and determine bullish/bearish percentage.
- [F]irst time posting here. Please be gentle.
",2017-02-21 03:01:30
81,We are entering a new era of losses,5125,7bd8dj,https://i.imgur.com/s7jcPRB.png,272,1510090982.0,,2017-11-07 16:43:02
82,Big Daddy Buffet warns us all,5118,80mj6c,https://i.redd.it/f1lxcimgfri01.jpg,274,1519768024.0,,2018-02-27 16:47:04
83,Is lesbian porn still gay porn? I can't finish until I know for sure,4968,8mdbsf,https://www.reddit.com/r/wallstreetbets/comments/8mdbsf/is_lesbian_porn_still_gay_porn_i_cant_finish/,216,1527399816.0,,2018-05-27 01:43:36
84,NVDA and TSLA Merger!! DD inside.,4973,7nvvs5,https://i.redd.it/n6xf1tucuv701.jpg,85,1515027132.0,,2018-01-03 19:52:12
85,Bagon is one of us,4966,853a17,https://i.redd.it/fu2tjhprbbm01.jpg,59,1521316465.0,,2018-03-17 15:54:25
86,$WMT YOLO Update,4897,8k789j,https://i.redd.it/qtcp1gak1hy01.png,556,1526615863.0,,2018-05-17 23:57:43
87,"My friend wrote Martin Shkreli in prison, and got this reply.",4890,7gd0mi,https://i.imgur.com/Ux2kGjR_d.jpg?maxwidth=640&shape=thumb&fidelity=high,310,1511988697.0,,2017-11-29 15:51:37
88,Might as well let everyone know I have a gambling problem,4878,66l31j,https://i.redd.it/fraakcet7ssy.jpg,227,1492755070.0,,2017-04-21 02:11:10
89,the daily r/wsb commute,4854,8n8t1j,https://i.imgur.com/lrev0Bp.gifv,146,1527717714.0,,2018-05-30 18:01:54
90,$MU Coincidence? I think not,4852,73cmlr,http://imgur.com/Eak5Xzi,119,1506769129.0,,2017-09-30 06:58:49
91,"Someone bought 2,600 Equifax puts on 8/21 and made over $4M. Equifax averaged 260 trades per month. #TotallyNotFraud",4841,6z5gkg,https://www.cnbc.com/2017/09/08/suspect-trading-in-equifax-options-before-breach-might-have-generated-millions-in-profit.html,297,1505034188.0,,2017-09-10 05:03:08
92,"Alright boys, it‚Äôs that time of week again",4770,8170ld,https://i.redd.it/rwchcujht6j01.jpg,163,1519954345.0,,2018-03-01 20:32:25
93,Everyone in this sub,4740,7e984g,https://i.redd.it/t7heakw355zz.jpg,99,1511217077.0,,2017-11-20 17:31:17
94,Hate when that happens,4737,82y7en,https://i.redd.it/xrpp3uml3kk01.jpg,155,1520550983.0,,2018-03-08 18:16:23
95,MFW I go all in on tesla,4616,8bvnhn,https://i.imgur.com/o2xpIBL.gifv,126,1523613344.0,,2018-04-13 05:55:44
96,Time to $MUSQ up,4624,8c567t,https://gfycat.com/chiefsnivelingeelelephant,121,1523707243.0,,2018-04-14 08:00:43
97,"The most you can ever lose is 100%, but you can gain way more than 100%. So YOLO stocks will always work out in the long run.",4600,8oqkzx,https://www.reddit.com/r/wallstreetbets/comments/8oqkzx/the_most_you_can_ever_lose_is_100_but_you_can/,268,1528232256.0,,2018-06-05 16:57:36
98,Mods now pitching WSB analysts to investment banks,4573,8ljijk,https://gfycat.com/FlippantDelectableBoilweevil,174,1527112306.0,,2018-05-23 17:51:46
99,me irl,4540,7wonch,https://i.redd.it/vmwakipmmgf01.png,91,1518329725.0,,2018-02-11 01:15:25
